Data,Otwarcie,Najwyzszy,Najnizszy,Zamkniecie,Wolumen
2017-02-15,838.81,841.773,836.22,837.32,1303154
2017-02-16,838.5,842.69,837.26,842.17,920812
2017-02-17,841.31,846.94,839.78,846.55,1406688
2017-02-21,847.99,852.2,846.55,849.27,1178472
2017-02-22,848,853.79,846.71,851.36,1193139
2017-02-23,851.08,852.62,842.5,851,1261077
2017-02-24,847.65,848.36,842.96,847.81,1308260
2017-02-27,844.95,850.67,843.01,849.67,981246
2017-02-28,847.35,848.83,841.442,844.93,1273713
2017-03-01,851.38,858,849.02,856.61,1653965
2017-03-02,856.31,856.49,848.72,849.85,1217226
2017-03-03,848.94,850.82,844.705,849.08,995060
2017-03-06,846.86,848.94,841.17,847.27,1011938
2017-03-07,847.26,853.33,845.52,851.15,977095
2017-03-08,853.12,856.93,851.25,853.64,995611
2017-03-09,853.69,860.71,852.67,857.84,1240728
2017-03-10,862.7,864.229,857.61,861.405,1296760
2017-03-13,865.68,867.13,860.82,864.58,1166605
2017-03-14,863.75,867.58,860.13,865.91,1061692
2017-03-15,867.94,869.88,861.295,868.39,1332885
2017-03-16,870.53,872.71,867.52,870,1104452
2017-03-17,873.68,874.42,868.37,872.37,1683901
2017-03-20,869.48,870.34,864.665,867.91,1542199
2017-03-21,870.06,873.47,847.687,850.14,2537978
2017-03-22,849.48,855.35,847,849.8,1366749
2017-03-23,841.39,841.69,833,839.65,3287669
2017-03-24,842,844,829.1,835.15,1976958
2017-03-27,828.09,841.38,824.3,838.51,1875590
2017-03-28,839.69,845.4,832.265,840.63,1476606
2017-03-29,842.75,851.585,841.38,849.87,1382043
2017-03-30,851.98,852,846.77,849.48,916623
2017-03-31,846.83,849.56,845.245,847.8,1320899
2017-04-03,848.75,859,847.53,856.75,1969402
2017-04-04,848,853,847.505,852.57,1329060
2017-04-05,854.71,860.59,847.52,848.91,1767000
2017-04-06,849.5,853.59,844,845.095,1314898
2017-04-07,845,845.88,837.3,842.1,1111610
2017-04-10,841.54,846.737,840.79,841.7,954094
2017-04-11,841.7,844.63,834.6,839.88,974343
2017-04-12,838.46,843.72,837.59,841.46,1015796
2017-04-13,841.04,843.73,837.85,840.18,1025516
2017-04-17,841.38,855.64,841.03,855.13,1004913
2017-04-18,852.54,857.39,851.25,853.99,927771
2017-04-19,857.385,860.2,853.528,856.51,1042384
2017-04-20,859.74,863.93,857.5,860.09,1062506
2017-04-21,860.62,862.44,857.73,858.95,1082611
2017-04-24,868.44,879.96,866.11,878.93,1692394
2017-04-25,882.26,892.25,879.28,888.84,2033438
2017-04-26,891.39,892.99,885.15,889.14,1321206
2017-04-27,890,893.377,887.18,891.44,2308819
2017-04-28,929,935.9,923.22,924.52,3845857
2017-05-01,924.15,935.82,920.8,932.82,2326641
2017-05-02,933.27,942.985,931,937.09,1749433
2017-05-03,936.05,950.2,935.21,948.45,1822217
2017-05-04,950.29,959.14,947.37,954.72,1938006
2017-05-05,956.72,958.44,948.099,950.28,1615548
2017-05-08,947.45,960.99,947.395,958.69,1875309
2017-05-09,961.33,962.2,954.4,956.69,1686772
2017-05-10,956.22,956.71,949.84,954.84,1145873
2017-05-11,951.29,957.99,948.61,955.89,1031014
2017-05-12,957.85,957.98,952.06,955.14,1214614
2017-05-15,955.29,962.7,952.82,959.22,1332067
2017-05-16,963.55,965.896,960.35,964.61,1099932
2017-05-17,959.7,960.99,940.06,942.17,2447018
2017-05-18,943.2,954.18,941.27,950.5,1800465
2017-05-19,952.82,959.56,952,954.65,1359792
2017-05-22,957,964.82,956.56,964.07,1384909
2017-05-23,969.96,974.51,964.5,970.55,1544933
2017-05-24,975.26,978.115,971.63,977.61,1137885
2017-05-25,979,995.78,977.82,991.86,1952832
2017-05-26,992,996.39,987.36,993.27,1632239
2017-05-30,992.5,997.62,991.36,996.17,1516553
2017-05-31,996.21,999.6,981.68,987.09,1725758
2017-06-01,990.96,993.14,981.29,988.29,1305190
2017-06-02,988.59,996.48,987.07,996.12,1734163
2017-06-05,997.89,1007.4,995.45,1003.88,1377960
2017-06-06,1003.31,1008.61,994.8,996.68,1550832
2017-06-07,998.82,1003.91,995.81,1001.59,1372300
2017-06-08,1004.23,1005.6,996.62,1004.28,1681411
2017-06-09,1005.49,1005.5,953.37,970.12,3643062
2017-06-12,958.72,968,936.795,961.81,4197445
2017-06-13,972.04,977.91,962.01,970.5,2004195
2017-06-14,975.5,979.7,959.51,967.93,1499807
2017-06-15,948.02,960.678,940.37,960.18,2369353
2017-06-16,957.91,959.95,948.7,958.62,2545952
2017-06-19,969.65,979.3,968.2,975.22,1466053
2017-06-20,975.31,980.79,968.2,968.99,1297019
2017-06-21,970.79,979.67,969.16,978.59,1161607
2017-06-22,976.87,980.5,973.315,976.62,1000838
2017-06-23,975.5,986.62,974.46,986.09,1547284
2017-06-26,990,993.99,970.33,972.09,1516720
2017-06-27,961.6,967.22,947.09,948.09,2441836
2017-06-28,950.66,963.24,936.16,961.01,2738995
2017-06-29,951.35,951.66,929.6,937.82,3203356
2017-06-30,943.99,945,929.61,929.61,2285012
2017-07-03,933.22,934.24,915.31,919.46,1694811
2017-07-05,924.2,936.29,918.631,932.26,2091689
2017-07-06,925,936.14,919.85,927.69,2013951
2017-07-07,930.985,944.66,929.79,940.81,1629306
2017-07-10,941.95,953.13,941.95,951,1443510
2017-07-11,950.52,954.89,945.12,953.53,1460601
2017-07-12,960.86,969.63,957.04,967.66,1599965
2017-07-13,970.8,978.7,964.8,968.85,1523376
2017-07-14,974,977.54,970.15,976.91,1076978
2017-07-17,976.32,983.35,970.8,975.96,1655892
2017-07-18,973.36,990.85,972.04,986.95,1411850
2017-07-19,990.01,995.6,987.01,992.77,1400473
2017-07-20,997,998.68,984.62,992.19,1416054
2017-07-21,989,995.11,984.17,993.84,1461598
2017-07-24,994.1,1006.19,990.273,998.31,3915107
2017-07-25,970.7,976.73,963.8,969.03,5930130
2017-07-26,972.78,973.95,960.23,965.31,2212665
2017-07-27,969.18,969.52,937.06,952.51,3711840
2017-07-28,947.99,961.79,945.31,958.2,1813719
2017-07-31,960,961.193,941.725,945.5,2290902
2017-08-01,947.81,954.49,944.96,946.56,1327222
2017-08-02,948.37,949.1,932.521,947.64,2038340
2017-08-03,949.1,950,939.44,940.3,1123379
2017-08-04,943.8,947.54,939.795,945.79,1254336
2017-08-07,947.52,948.96,943.5,945.75,1444189
2017-08-08,944.29,952.49,942.48,944.19,1500178
2017-08-09,938.45,943.76,933.92,940.08,1398227
2017-08-10,935,936.3,921.777,923.59,2704565
2017-08-11,923.71,933.36,921.22,930.09,1616328
2017-08-14,939.07,941.04,934.485,938.93,1149629
2017-08-15,941.03,943.07,936.64,938.08,1103692
2017-08-16,941.25,949.9,940.039,944.27,1343392
2017-08-17,942.95,943.81,927.64,927.66,1673886
2017-08-18,926.98,931.02,923.45,926.18,1335610
2017-08-21,925.77,928.25,918.6,920.87,1299899
2017-08-22,926.96,941.962,926.17,940.4,1759686
2017-08-23,937,945.425,935.24,942.58,1133117
2017-08-24,943.71,946.31,930.74,936.89,1294108
2017-08-25,939.21,940.73,930.1,930.5,1184593
2017-08-28,931.88,934.85,926.11,928.13,1045711
2017-08-29,919.95,938.19,919.31,935.75,1158366
2017-08-30,935.67,945.86,934.05,943.63,1119470
2017-08-31,946.3,957.195,946.25,955.24,1692147
2017-09-01,957.47,958.33,950.28,951.99,1042686
2017-09-05,946.86,951.385,935.6,941.48,1458691
2017-09-06,943.87,944.5,932.68,942.02,1391215
2017-09-07,944.25,950.497,937.53,949.89,1116276
2017-09-08,949.7,950.7,940.01,940.95,999783
2017-09-11,947.2,952.68,941,943.29,1336245
2017-09-12,946.92,948.085,937.5,946.65,1283993
2017-09-13,945.5,952.85,944.74,950.44,1094735
2017-09-14,946,948.03,938.356,940.13,1424671
2017-09-15,940.09,941.75,931.25,935.29,1956570
2017-09-18,935.01,936.86,925.4,929.75,1456222
2017-09-19,933.41,937.94,926.66,936.86,1232338
2017-09-20,937.73,950,937.5,947.54,1923014
2017-09-21,948.13,952.8,939.38,947.55,1349131
2017-09-22,942.77,950,940.835,943.26,1074282
2017-09-25,939.45,939.75,924.51,934.28,1870439
2017-09-26,936.69,944.08,935.12,937.43,1671401
2017-09-27,942.74,965.43,941.95,959.9,2332319
2017-09-28,956.25,966.18,955.55,964.81,1400404
2017-09-29,966,975.81,966,973.36,2029793
2017-10-02,975.65,977.74,961.95,967.47,1536653
2017-10-03,967.56,972.44,962.705,972.08,1083848
2017-10-04,971.76,974.4,965.61,966.78,1056271
2017-10-05,972.79,986.509,970.27,985.19,1779670
2017-10-06,980,994.26,978.51,993.64,1552207
2017-10-09,995,1000.46,991.5,992.31,1295006
2017-10-10,995.3,997.47,981.11,987.8,1163333
2017-10-11,989.04,1007.57,987.94,1005.65,1813213
2017-10-12,1003.84,1011.54,1001.1,1005.65,1540349
2017-10-13,1009.11,1014.76,1007.06,1007.87,1327162
2017-10-16,1009.63,1012,1001.52,1009.35,1069362
2017-10-17,1007.44,1014.56,1006.05,1011,1006933
2017-10-18,1011.05,1016.31,1005.32,1012.74,1278730
2017-10-19,1004.75,1007.32,997.3,1001.84,1682649
2017-10-20,1007.05,1008.65,1002.27,1005.07,1605182
2017-10-23,1005.18,1005.79,983.1,985.54,1637726
2017-10-24,986.5,989.26,977.08,988.49,1438933
2017-10-25,986.27,994.43,977.722,991.46,1398280
2017-10-26,998.47,1006.51,990.47,991.42,2355336
2017-10-27,1030.99,1063.62,1027.46,1033.67,5182877
2017-10-30,1029.16,1039.83,1022.33,1033.13,2340172
2017-10-31,1033,1041,1026.3,1033.04,1516278
2017-11-01,1036.32,1047.86,1034,1042.6,2163073
2017-11-02,1039.99,1045.52,1028.66,1042.97,1334697
2017-11-03,1042.75,1050.66,1037.65,1049.99,1388461
2017-11-06,1049.1,1052.59,1042,1042.68,913954
2017-11-07,1049.65,1053.41,1043,1052.39,1303832
2017-11-08,1050.05,1062.69,1047.05,1058.29,1214469
2017-11-09,1048,1050.88,1035.85,1047.72,1793994
2017-11-10,1043.87,1046.63,1041.22,1044.15,970498
2017-11-13,1040.8,1048.74,1039.26,1041.2,940113
2017-11-14,1037.72,1042.3,1029.33,1041.64,1050380
2017-11-15,1035,1039.63,1030.76,1036.41,904402
2017-11-16,1038.75,1051.76,1038,1048.47,1137621
2017-11-17,1049.8,1051,1033.73,1035.67,1334393
2017-11-20,1036,1038.7,1032.68,1034.66,876213
2017-11-21,1040.04,1050.39,1039.14,1050.3,1080873
2017-11-22,1051.16,1055.43,1047.25,1051.92,726431
2017-11-24,1054.39,1060.07,1051.92,1056.52,825369
2017-11-27,1058.57,1073.04,1054.77,1072.01,1771227
2017-11-28,1073.99,1080,1054.54,1063.29,1820282
2017-11-29,1056.18,1058.77,1029.65,1037.38,2790432
2017-11-30,1039.94,1044.14,1030.07,1036.17,2233522
2017-12-01,1030.41,1037.25,1016.9,1025.07,1867176
2017-12-04,1027.8,1031.34,1009.22,1011.87,1938273
2017-12-05,1010.99,1036.68,1002.32,1019.6,1948981
2017-12-06,1016.52,1039.58,1015.31,1032.72,1380673
2017-12-07,1036.07,1048.92,1035.36,1044.57,1542091
2017-12-08,1051.81,1056.42,1045.86,1049.38,1492011
2017-12-11,1051.11,1056,1044.12,1052.08,1161991
2017-12-12,1050,1062.5,1044.87,1048.77,1692800
2017-12-13,1052.08,1055.48,1046.58,1051.39,1383936
2017-12-14,1055.49,1067.08,1053.6,1057.47,1545572
2017-12-15,1063.78,1075.25,1060.09,1072,3184924
2017-12-18,1076.45,1086.49,1070.37,1085.09,1512677
2017-12-19,1083.02,1084.98,1072.27,1079.29,1291614
2017-12-20,1080.92,1081.24,1068.6,1073.56,1435726
2017-12-21,1075.39,1077.52,1069,1070.85,1247648
2017-12-22,1070,1071.72,1067.64,1068.86,885293
2017-12-26,1068.64,1068.86,1058.64,1065.85,918255
2017-12-27,1066.6,1068.27,1058.38,1060.2,1115893
2017-12-28,1062.25,1064.84,1053.38,1055.95,993945
2017-12-29,1055.49,1058.05,1052.7,1053.4,1179579
2018-01-02,1053.02,1075.98,1053.02,1073.44,1587677
2018-01-03,1073.93,1096.1,1073.43,1091.52,1565290
2018-01-04,1097.09,1104.08,1094.26,1096,1302498
2018-01-05,1103.45,1113.58,1101.8,1110.29,1511930
2018-01-08,1111,1119.16,1110,1114.21,1231346
2018-01-09,1118.44,1118.44,1108.2,1112.79,1340068
2018-01-10,1107,1112.78,1103.98,1110.14,1036365
2018-01-11,1112.31,1114.85,1106.48,1112.05,1120707
2018-01-12,1110.1,1131.3,1108.01,1130.65,1927006
2018-01-16,1140.31,1148.88,1126.66,1130.7,1803066
2018-01-17,1136.36,1139.32,1123.49,1139.1,1389213
2018-01-18,1139.35,1140.59,1124.47,1135.97,1372046
2018-01-19,1138.03,1143.78,1132.5,1143.5,1464430
2018-01-22,1143.82,1166.88,1141.82,1164.16,1476399
2018-01-23,1170.62,1178.51,1167.25,1176.17,1948280
2018-01-24,1184.98,1187.05,1167.4,1171.29,1845883
2018-01-25,1180.71,1185,1171.84,1182.14,1486683
2018-01-26,1187.53,1187.56,1168.03,1187.56,2101130
2018-01-29,1188,1198,1184.06,1186.48,1570436
2018-01-30,1177.72,1187.93,1174.51,1177.37,1817062
2018-01-31,1183.81,1186.32,1172.1,1182.22,1791493
2018-02-01,1175.99,1187.45,1169.36,1181.59,3641273
2018-02-02,1127.42,1131.3,1111.17,1119.2,5834231
2018-02-05,1100.61,1114.99,1056.74,1062.88,4152374
2018-02-06,1033.98,1087.375,1030.01,1084.43,3831524
2018-02-07,1084.97,1086.53,1054.62,1055.41,2587041
2018-02-08,1059.87,1063.93,1005.12,1007.71,3330543
2018-02-09,1025.88,1051.72,997,1046.27,4913463
2018-02-12,1056.67,1065.57,1045.49,1055.33,2805018
2018-02-13,1050,1061.22,1046.92,1054.21,1576027
2018-02-14,1054.32,1075.47,1049.8,1072.7,2064208
2018-02-15,1083.45,1094.1,1067.23,1091.36,1859013
2018-02-16,1093.38,1108.31,1091.55,1095.5,1993152
2018-02-20,1092.76,1116.29,1090,1103.59,1687065
2018-02-21,1109.1,1136.2,1107.51,1113.75,2071947
2018-02-22,1119.17,1125.46,1105.15,1109.9,1398777
2018-02-23,1118.66,1129,1108.44,1128.09,1263084
2018-02-26,1131.86,1144,1129.34,1143.7,1503295
2018-02-27,1143.7,1144.25,1116.79,1117.51,2148159
2018-02-28,1122,1127.65,1103,1103.92,2464619
2018-03-01,1109.54,1111.27,1067.29,1071.41,2766856
2018-03-02,1057.98,1086.89,1050.11,1084.14,2508145
2018-03-05,1078.13,1101.18,1072.27,1094.76,1432369
2018-03-06,1102.1,1105.63,1094.5,1100.9,1169068
2018-03-07,1092.82,1116.2,1089.91,1115.04,1537429
2018-03-08,1117.2,1131.44,1117.2,1129.38,1693133
2018-03-09,1139.5,1161,1134.29,1160.84,2133087
2018-03-12,1165.05,1178.16,1159.2,1165.93,2215304
2018-03-13,1171.83,1178,1134.57,1139.91,2156999
2018-03-14,1145.8,1159.76,1142.35,1148.89,2093482
2018-03-15,1149.57,1162.5,1135.66,1150.61,1669094
2018-03-16,1155.35,1156.81,1131.36,1134.42,2932759
2018-03-19,1117.76,1119.37,1088.92,1100.07,3182796
2018-03-20,1098.4,1105.55,1082.42,1095.8,2729857
2018-03-21,1092.57,1108.7,1087.21,1094,2244865
2018-03-22,1080.01,1083.92,1049.64,1053.15,3465608
2018-03-23,1051.37,1066.78,1024.87,1026.55,2493971
2018-03-26,1050.6,1059.27,1010.58,1054.09,3299151
2018-03-27,1063.9,1064.54,997.62,1006.94,3040809
2018-03-28,1001.91,1024.99,984,1005.18,3884943
2018-03-29,1011.21,1048.05,1004.04,1037.14,3466876
2018-04-02,1027.62,1039.53,994.25,1012.63,3253387
2018-04-03,1016.15,1025,997.245,1018.68,2566146
2018-04-04,998.23,1032.74,996.51,1029.71,2536198
2018-04-05,1046.39,1046.71,1024,1032.64,1791761
2018-04-06,1023.1,1036,1006.25,1009.95,2006683
2018-04-09,1020.04,1044.59,1019.2,1020.09,1661012
2018-04-10,1030.26,1041.21,1015.41,1036.5,1836678
2018-04-11,1025.06,1035.87,1019.51,1025.06,1649949
2018-04-12,1031.47,1044.65,1026.05,1037.29,1644794
2018-04-13,1046.89,1052.98,1030.15,1036.04,1270461
2018-04-16,1045.55,1051.43,1033.92,1046.1,1488822
2018-04-17,1061.2,1085,1057.09,1079.36,2729197
2018-04-18,1079.01,1082,1070.52,1075.39,1556298
2018-04-19,1069.02,1097.51,1069.02,1089.45,1994247
2018-04-20,1084.27,1094.75,1072.1,1077.32,2121692
2018-04-23,1082.98,1088,1066.68,1073.81,3479496
2018-04-24,1059.2,1064.49,1012.86,1022.64,6411038
2018-04-25,1029.75,1036.07,1017.01,1022.99,2893047
2018-04-26,1033.22,1052.02,1020.45,1043.31,2546332
2018-04-27,1045.54,1051.7,1027.59,1031.45,2037263
2018-04-30,1018.58,1038.37,1018.3,1018.58,1724632
2018-05-01,1016.3,1041.73,1010.61,1040.75,1766256
2018-05-02,1034,1043.98,1023.16,1026.05,1734872
2018-05-03,1025.37,1030.69,1007.89,1026.3,1964066
2018-05-04,1019.61,1051.88,1018.05,1051,1844600
2018-05-07,1053.89,1065,1050.27,1059.46,1719971
2018-05-08,1064.62,1065.23,1051.64,1058.59,1301524
2018-05-09,1064.1,1094,1062.11,1088.95,2357979
2018-05-10,1095,1109.41,1093.88,1105.47,1820676
2018-05-11,1100.41,1109.01,1097.22,1103.38,1525218
2018-05-14,1105.57,1118.15,1104.8,1106.6,1966893
2018-05-15,1096.9,1099.12,1078.78,1084.87,1786926
2018-05-16,1085.09,1094.38,1081.63,1084.09,1281406
2018-05-17,1081.46,1091,1076.42,1081.26,1286907
2018-05-18,1066,1073.73,1064.68,1069.64,1774149
2018-05-21,1079,1093.3,1078,1084.01,1258999
2018-05-22,1089.8,1091.8,1072.26,1075.31,1111299
2018-05-23,1070,1088,1066.96,1085.96,1186998
2018-05-24,1086.9,1087.12,1072.3,1085.45,1030194
2018-05-25,1086.55,1089.57,1082.6,1084.08,1111161
2018-05-29,1076,1081.34,1063.08,1068.07,1803805
2018-05-30,1073.48,1078.99,1066.55,1077.47,1434282
2018-05-31,1082,1110,1078,1100,3968362
2018-06-01,1112.87,1138.16,1112.01,1135,3160100
2018-06-04,1138.5,1157.86,1137,1153.04,2237701
2018-06-05,1154.66,1161.1,1147.46,1151.02,1648222
2018-06-06,1152.77,1154.71,1136.32,1146.95,1746719
2018-06-07,1144.58,1145.87,1126.12,1134.42,1805388
2018-06-08,1131.21,1138.78,1123.23,1132.71,1364226
2018-06-11,1132.94,1147.74,1131.4,1140.9,1239770
2018-06-12,1141.02,1148.75,1141.02,1148.19,1304612
2018-06-13,1152.28,1155.64,1143.38,1144.23,1715074
2018-06-14,1152.21,1165.99,1150.6,1160.11,1771120
2018-06-15,1159.92,1163.91,1153.69,1159.27,2221891
2018-06-18,1152.69,1184.13,1151,1183.58,1651913
2018-06-19,1170.11,1182.81,1161.61,1178.69,2364127
2018-06-20,1183.3,1201.49,1182.03,1184.07,2584260
2018-06-21,1185.51,1190.33,1163.48,1169.44,2248277
2018-06-22,1171.5,1175,1159.65,1169.29,1711003
2018-06-25,1155,1155.99,1119.9,1139.28,2884131
2018-06-26,1144.14,1146.87,1129,1132.62,1734414
2018-06-27,1136,1146.21,1116.7,1116.94,1726866
2018-06-28,1112.39,1134,1106.07,1126.78,1486675
2018-06-29,1132.31,1141.36,1127.02,1129.19,1578116
2018-07-02,1115.35,1142.99,1106.6,1142.11,1161040
2018-07-03,1149.42,1149.91,1114.43,1116.28,822394
2018-07-05,1124.6,1144.14,1123.12,1141.29,1429710
2018-07-06,1141.77,1156.2,1137.24,1155.08,1090967
2018-07-09,1160,1167.93,1157.23,1167.28,1079201
2018-07-10,1169.99,1173.5,1162.56,1167.14,1066704
2018-07-11,1155.62,1180.44,1155.37,1171.46,1662633
2018-07-12,1174.86,1201.99,1173.1,1201.26,2207431
2018-07-13,1202.8,1210.44,1195.29,1204.42,1631857
2018-07-16,1203.81,1208.71,1193.4,1196.51,1339237
2018-07-17,1182.74,1218.76,1182,1213.08,2008133
2018-07-18,1208.53,1221.59,1204.56,1212.91,1947397
2018-07-19,1206.65,1216.48,1197.73,1199.1,1916892
2018-07-20,1199.24,1210.77,1196.59,1197.88,1898376
2018-07-23,1195.66,1215.1,1192.01,1211,3272304
2018-07-24,1271,1275,1244.14,1258.15,5380032
2018-07-25,1252.62,1278.24,1249.05,1275.94,2575437
2018-07-26,1267.18,1287.4,1263,1285.5,2734302
2018-07-27,1289.12,1291.44,1244.5,1252.89,2418090
2018-07-30,1245.05,1252.89,1224.17,1230.04,2194837
2018-07-31,1231.71,1241.21,1216.19,1227.22,1969111
2018-08-01,1239.11,1245.9,1224.94,1232.99,1849740
2018-08-02,1218.5,1244.41,1218.06,1241.13,1735180
2018-08-03,1245.18,1246.52,1229.42,1238.16,1063244
2018-08-06,1241.61,1242.46,1230.53,1237.67,1105916
2018-08-07,1252.01,1266.08,1251.8,1255.84,2125256
2018-08-08,1256.72,1271.72,1252.12,1261.33,1718664
2018-08-09,1262.73,1271.96,1260.1,1264.46,1366318
2018-08-10,1259.18,1261.2,1247.16,1252.51,1334387
2018-08-13,1251.2,1265.97,1247.03,1248.64,1380882
2018-08-14,1252.5,1260.59,1239.54,1258.14,1403991
2018-08-15,1244.28,1251.98,1226.25,1232.22,1852558
2018-08-16,1241.99,1243.7,1219.63,1224.06,1608799
2018-08-17,1222.04,1226.95,1204,1215.85,1654629
2018-08-20,1220.66,1225.91,1208.7,1221.95,1111173
2018-08-21,1223.02,1232.76,1215.03,1217.41,1154093
2018-08-22,1214.22,1226.53,1213.22,1221.75,1114832
2018-08-23,1219.88,1235.17,1219.35,1221.16,1233347
2018-08-24,1226,1237.4,1221.42,1236.75,1222653
2018-08-27,1244.14,1257.87,1240.68,1256.27,1428992
2018-08-28,1255.9,1256.56,1242.97,1245.86,1366516
2018-08-29,1255,1267.17,1252.8,1264.65,1846615
2018-08-30,1263.4,1269.49,1247.21,1254.44,1505219
2018-08-31,1252.21,1252.55,1225.75,1231.8,2115424
2018-09-04,1222.52,1227.87,1206.56,1211.31,2072869
2018-09-05,1209.22,1214.87,1175.34,1199.1,2699394
2018-09-06,1198.57,1198.99,1163.61,1183.99,2342722
2018-09-07,1172,1188.55,1169.27,1177.59,1633190
2018-09-10,1184.2,1186.66,1170.61,1175.06,1383938
2018-09-11,1171.1,1190.94,1165.95,1189.99,1462688
2018-09-12,1182,1190.69,1166.16,1171.6,1785833
2018-09-13,1179.7,1187.86,1169.22,1182.14,2003418
2018-09-14,1188,1188,1173.52,1177.98,1208767
2018-09-17,1177.77,1181.82,1158.46,1159.83,1704790
2018-09-18,1162.66,1181.33,1161.43,1167.11,1615701
2018-09-19,1168.96,1176.27,1158.62,1174.27,1298084
2018-09-20,1180.67,1194,1176.25,1191.57,1462455
2018-09-21,1194.92,1196.58,1172.06,1172.12,4561119
2018-09-24,1159.41,1185.19,1151.5,1179.56,1557479
2018-09-25,1184.25,1196.86,1174.09,1193.89,1657809
2018-09-26,1193.69,1207.24,1185.4,1194.06,1882524
2018-09-27,1200,1216.86,1198.05,1207.36,1813652
2018-09-28,1204.09,1208.45,1197.83,1207.08,1780759
2018-10-01,1213,1224.2,1203.19,1208.53,1659364
2018-10-02,1206.67,1224.52,1199.66,1207.64,2008956
2018-10-03,1212,1214.18,1202.15,1211.53,1312686
2018-10-04,1205.03,1205.9,1163.85,1177.07,2328778
2018-10-05,1176,1182,1154.32,1167.83,1593012
2018-10-08,1160,1175.86,1135.4,1155.92,2309539
2018-10-09,1151.31,1161.55,1144.17,1145.17,1684728
2018-10-10,1136.4,1137.02,1091.51,1092.16,2949006
2018-10-11,1079.04,1116.06,1075.89,1090.74,3384775
2018-10-12,1119.64,1125.83,1095.03,1120.54,2468920
2018-10-15,1118,1121.8,1098.22,1102.44,1503956
2018-10-16,1113.48,1136.37,1111.75,1133.08,1918879
2018-10-17,1140,1147,1114,1127.59,1782614
2018-10-18,1130,1132.35,1086.34,1097.91,2307596
2018-10-19,1103.71,1120.95,1097.03,1105.18,2064289
2018-10-22,1112.51,1121.69,1100,1111.37,1355842
2018-10-23,1091.29,1118,1079.01,1114.91,1884255
2018-10-24,1115,1116.62,1055.06,1057.12,2464295
2018-10-25,1080.3,1117.82,1075.55,1103.59,3647814
2018-10-26,1048.33,1117,1042.23,1083.75,5321883
2018-10-29,1096.54,1108.83,1007.2,1034.73,4064452
2018-10-30,1020.01,1050.9,1013.97,1049.51,2988418
2018-10-31,1068.2,1108,1068.2,1090.58,3545821
2018-11-01,1091.4,1099.9,1077.82,1085.98,2006575
2018-11-02,1089,1098,1067.66,1071.49,2172215
2018-11-05,1072.53,1073.35,1034,1055.73,2267870
2018-11-06,1055.02,1079.82,1053.61,1069.57,1433013
2018-11-07,1083.49,1109.93,1080.59,1108.24,2169392
2018-11-08,1107.3,1108.22,1084.36,1094.63,1685193
2018-11-09,1084.02,1088.35,1064.26,1077.02,1743298
2018-11-12,1073.13,1074.1,1040.35,1049.36,1700091
2018-11-13,1054.81,1066.67,1040.4,1047.97,1287475
2018-11-14,1060,1065.79,1041.11,1054.58,1733302
2018-11-15,1051.46,1078.87,1041.29,1071.05,2079154
2018-11-16,1065.23,1072.44,1054.9,1068.27,1768308
2018-11-19,1063.39,1068,1022.87,1027.42,2284191
2018-11-20,1007.29,1037.35,1002.21,1030.45,2722934
2018-11-21,1045.31,1054.71,1039.46,1043.43,1485172
2018-11-23,1033.5,1043,1028.52,1030.1,708859
2018-11-26,1044,1057,1039.77,1055.94,1577941
2018-11-27,1051.34,1066.76,1045.5,1052.28,1652433
2018-11-28,1057.46,1092.86,1042.95,1091.79,2302121
2018-11-29,1083.53,1100.15,1082,1094.58,1550523
2018-11-30,1095.63,1109.65,1083.18,1109.65,2983340
2018-12-03,1132.16,1135,1111.73,1116.36,2876449
2018-12-04,1112.99,1114.24,1060.78,1062.47,2281485
2018-12-06,1045,1079.42,1042.48,1078.08,2371825
2018-12-07,1072.23,1085.03,1039.37,1046.58,2134111
2018-12-10,1042.94,1059.6,1033,1053.18,1682646
2018-12-11,1066.94,1070.4,1050.1,1061.65,1692576
2018-12-12,1077.08,1091.73,1071.97,1073.73,1447973
2018-12-13,1075.67,1088.42,1064.99,1073.54,1249403
2018-12-14,1060.02,1071.72,1049.37,1051.71,1817949
2018-12-17,1047.01,1062.38,1016.63,1025.65,2496551
2018-12-18,1034,1059.69,1030.48,1043.41,2182019
2018-12-19,1047.29,1075.71,1019.43,1035.46,2913237
2018-12-20,1026,1047.44,1007.86,1023.58,2683670
2018-12-21,1032.04,1037.67,981.19,991.25,5232490
2018-12-24,984.32,1012.12,977.66,984.67,1817955
2018-12-26,997.99,1048.45,992.645,1047.85,2315862
2018-12-27,1026.2,1053.34,1007,1052.9,2299806
2018-12-28,1059.5,1064.23,1042,1046.68,1718352
2018-12-31,1057.83,1062.99,1033.04,1044.96,1655504
2019-01-02,1027.2,1060.79,1025.28,1054.68,1593395
2019-01-03,1050.67,1066.26,1022.37,1025.47,2097957
2019-01-04,1042.56,1080,1036.86,1078.07,2301428
2019-01-07,1080.97,1082.7,1062.64,1075.92,2372667
2019-01-08,1086,1093.35,1068.35,1085.37,1770654
2019-01-09,1087.99,1091.64,1074.37,1081.65,1349912
2019-01-10,1074.94,1079.81,1064.68,1078.83,1329861
2019-01-11,1069.9,1073.37,1056.43,1064.47,1543238
2019-01-14,1053.34,1058.45,1048.55,1051.51,1424486
2019-01-15,1058.01,1088.27,1054.44,1086.51,1875852
2019-01-16,1090,1102.36,1088.01,1089.51,1914041
2019-01-17,1087.99,1100.7,1083.26,1099.12,1244801
2019-01-18,1108.59,1118,1099.28,1107.3,2244569
2019-01-22,1096,1098.97,1070.89,1078.63,1981594
2019-01-23,1086.86,1092.95,1067.57,1084.41,1259738
2019-01-24,1082.51,1088,1070.02,1084,1455948
2019-01-25,1094.23,1103.36,1091.8,1101.51,1163788
2019-01-28,1090.07,1093.37,1074.61,1079.86,1466714
2019-01-29,1081.04,1084.73,1066.02,1070.06,985248
2019-01-30,1077.36,1099.52,1076.64,1097.99,1472647
2019-01-31,1112.24,1127.67,1105.25,1125.89,2011572
2019-02-01,1122.29,1134.4,1114.25,1118.62,1655813
2019-02-04,1119.01,1142.34,1117.51,1141.42,3920591
2019-02-05,1129.63,1152.77,1123.6,1151.87,4114790
2019-02-06,1149.27,1154,1118.36,1122.89,2412820
2019-02-07,1111.82,1111.99,1093.59,1105.91,1914877
2019-02-08,1094.88,1105.1,1094.24,1102.38,1088327
2019-02-11,1103.75,1113.43,1100,1102.12,924881
2019-02-12,1111.01,1132.86,1111.01,1127.58,1751771
2019-02-13,1133.04,1142.85,1126,1128.63,1402087
2019-02-14,1125,1136.13,1117.09,1129.2,1055297
2019-02-15,1139.3,1139.3,1116.72,1119.63,1391348
2019-02-19,1116.64,1129.64,1116.64,1126.51,1099259
2019-02-20,1128.88,1130.93,1111.75,1120.59,1204533
2019-02-21,1118.78,1119.15,1097.98,1104.21,1663980
2019-02-22,1109.7,1117.25,1100.5,1116.56,1471783
2019-02-25,1121.93,1125.4,1114.11,1117.33,1310362
2019-02-26,1114.37,1126.44,1106.7,1122.01,1751261
2019-02-27,1114.01,1125.73,1108.56,1122.89,1104881
2019-02-28,1119,1133.99,1118.41,1126.55,1371355
2019-03-01,1131,1150,1131,1148.52,1704258
2019-03-04,1154.56,1165.52,1138.25,1153.42,1774467
2019-03-05,1156,1176.49,1153.02,1169.19,2004723
2019-03-06,1171.76,1174.74,1163.05,1164.94,1180052
2019-03-07,1160.5,1163.58,1141.72,1150.85,1504328
2019-03-08,1133.9,1153.45,1130.2,1149.97,1184732
2019-03-11,1152,1179.91,1151.57,1179.26,1501633
2019-03-12,1182.3,1205.71,1182.3,1197.25,2110979
2019-03-13,1205.93,1207.12,1197.91,1199.06,1294354
2019-03-14,1199.02,1204.7,1191.23,1192.53,1365072
2019-03-15,1198,1201.73,1187.01,1190.3,2593338
2019-03-18,1189.69,1194.95,1181.48,1188.55,1222203
2019-03-19,1191.72,1203.41,1189.46,1202.46,1489407
2019-03-20,1201.4,1229.99,1199.59,1226.43,2075442
2019-03-21,1220,1236.44,1216.58,1236.13,1407480
2019-03-22,1228.85,1233.63,1206,1207.65,1721133
2019-03-25,1199.56,1209.44,1190,1197.38,1378849
2019-03-26,1205.19,1207.65,1181.76,1189.84,1537606
2019-03-27,1191.92,1191.92,1164.23,1178.01,1471402
2019-03-28,1175.5,1177.25,1163.43,1172.27,1120122
2019-03-29,1180.18,1183.97,1166.38,1176.89,1544615
2019-04-01,1187.54,1200.2,1186.36,1198.98,1385595
2019-04-02,1200.05,1205.81,1191.24,1205.54,914413
2019-04-03,1212.7,1220.6,1205.08,1210.81,1109614
2019-04-04,1211.29,1220.55,1209.04,1219.45,1051089
2019-04-05,1219.3,1220.39,1210.03,1211.45,1001044
2019-04-08,1211.11,1213.95,1204.7,1208.28,1087588
2019-04-09,1201.89,1207.15,1198.38,1202.69,983840
2019-04-10,1205.09,1208.94,1200.66,1206.45,775456
2019-04-11,1208.9,1212.74,1204.54,1209.59,849947
2019-04-12,1215.62,1223.05,1213.29,1222.73,1215610
2019-04-15,1224.09,1229.3,1214.56,1226.53,1189974
2019-04-16,1230,1235.98,1225.04,1231.91,1131099
2019-04-17,1237,1245.1,1232.9,1240.14,1518286
2019-04-18,1245,1245.94,1239.41,1241.47,1237788
2019-04-22,1236.67,1254.34,1233.37,1253.76,954419
2019-04-23,1256.64,1274.43,1251.98,1270.59,1593449
2019-04-24,1270.59,1274,1259.81,1260.05,1169797
2019-04-25,1270.3,1272.8,1258,1267.34,1567161
2019-04-26,1273.38,1278.91,1265,1277.42,1361419
2019-04-29,1280.51,1296.98,1271.71,1296.2,3618362
2019-04-30,1190.63,1200.98,1183,1198.96,6658855
2019-05-01,1197.5,1199.25,1171.68,1173.32,3717018
2019-05-02,1172.6,1179.38,1158.33,1166.51,2254890
2019-05-03,1177.41,1191.4,1173.55,1189.55,2079376
2019-05-06,1172,1195.43,1171.16,1193.46,1588684
2019-05-07,1185.81,1194.77,1165,1178.86,1830238
2019-05-08,1177.29,1184.27,1167.63,1170.78,1276022
2019-05-09,1162.6,1174.07,1154.64,1167.97,1477752
2019-05-10,1168.84,1176.28,1146.37,1167.64,1582460
2019-05-13,1145.24,1151.97,1125.5,1136.59,2281686
2019-05-14,1142.32,1144.87,1123.53,1124.86,2019550
2019-05-15,1122.55,1178.3,1121.4,1170.8,2965117
2019-05-16,1171.84,1194.16,1168.45,1184.5,1765388
2019-05-17,1175.83,1186.29,1166.42,1168.78,1268050
2019-05-20,1153,1153,1138.14,1144.66,1530126
2019-05-21,1154.48,1158,1143.31,1154.44,1028248
2019-05-22,1151.25,1163.78,1151,1155.85,941279
2019-05-23,1146.07,1150.05,1133.16,1145.34,1260657
2019-05-24,1152,1154.36,1136.71,1138.61,927651
2019-05-28,1141.48,1156.49,1138.67,1139.56,1047554
2019-05-29,1132.7,1135,1111.95,1119.94,1811510
2019-05-30,1120.15,1126.8,1115.9,1121.41,904419
2019-05-31,1105.64,1113.4,1103.35,1106.5,1579481
2019-06-03,1066.93,1067,1027.03,1038.74,4844480
2019-06-04,1044.49,1058.44,1036.03,1054.49,3025564
2019-06-05,1055,1056.81,1033,1044.64,2349436
2019-06-06,1046.21,1050,1035.51,1047.76,1451026
2019-06-07,1054.28,1073.43,1051.15,1068.37,2191357
2019-06-10,1077,1094.84,1075.28,1082.76,1425464
2019-06-11,1096.99,1104.01,1079.57,1081.04,1675817
2019-06-12,1079.95,1082.52,1069.6,1079.1,1183650
2019-06-13,1084.71,1096.59,1082.57,1091.01,1040661
2019-06-14,1089.74,1094.76,1081.48,1086.3,1229304
2019-06-17,1089.1,1101.28,1088,1093.89,988491
2019-06-18,1111.5,1118.78,1100.79,1105.24,1726312
2019-06-19,1107.24,1109.43,1096.03,1104.51,1336015
2019-06-20,1121.7,1122.72,1107,1113.2,1200908
2019-06-21,1109.86,1126.57,1109.72,1125.37,2538872
2019-06-24,1120,1123.57,1113.31,1116.7,1211893
2019-06-25,1115.08,1115.7,1084.6,1087.58,1582217
2019-06-26,1091,1095.12,1073.69,1080.32,1734873
2019-06-27,1086.75,1088.47,1075.85,1076.63,1203914
2019-06-28,1077.23,1082.8,1073.8,1082.8,1683568
2019-07-01,1101.04,1108.59,1095.33,1100,1464449
2019-07-02,1104.83,1112.89,1099.67,1112.6,1031919
2019-07-03,1118.5,1127.99,1114.85,1122.99,1007718
2019-07-05,1119.37,1134.65,1117.5,1132.67,1489678
2019-07-08,1125.87,1127.21,1111.76,1116.79,1494371
2019-07-09,1110.32,1127.86,1107.15,1124.29,1473622
2019-07-10,1132.32,1142.34,1130.66,1140.91,1535546
2019-07-11,1146.16,1153.24,1139.53,1144.08,1300529
2019-07-12,1142.93,1147.5,1138.56,1145.34,1093933
2019-07-15,1145.34,1150.68,1140,1150.51,1058431
2019-07-16,1146.73,1158.58,1146.73,1153.46,1267641
2019-07-17,1150.92,1158.44,1146.62,1146.74,976894
2019-07-18,1142,1148.17,1132.86,1147.24,1273769
2019-07-19,1149.32,1151.58,1131.25,1131.55,1159153
2019-07-22,1135.47,1140.02,1125.21,1139.21,1446757
2019-07-23,1143.45,1148.86,1132.85,1148.05,1032438
2019-07-24,1132.62,1145.46,1128.51,1139.73,1359956
2019-07-25,1138.95,1143.59,1123.71,1135.94,2738139
2019-07-26,1228,1268.39,1228,1245.22,6060795
2019-07-29,1242.5,1249,1230.2,1241.84,2069127
2019-07-30,1227,1236.91,1225.32,1228,1430775
2019-07-31,1224.87,1234.91,1208.18,1218.2,1997999
2019-08-01,1217.63,1236.3,1207,1211.78,1771271
2019-08-02,1203,1209.5,1190,1196.32,1745450
2019-08-05,1172.97,1176.88,1142.75,1154.75,2391972
2019-08-06,1165.52,1181.4,1161.53,1171.08,1800707
2019-08-07,1157.8,1179.87,1150.84,1175.91,1534347
2019-08-08,1186.43,1206.28,1174,1206.19,1505848
2019-08-09,1200,1204.46,1184.89,1188.9,1020945
2019-08-12,1180,1185.61,1168.72,1174.5,1103243
2019-08-13,1174.35,1205.43,1173,1196.73,1430240
2019-08-14,1176.07,1182.79,1161.07,1164.25,1771501
2019-08-15,1164.3,1176.42,1163,1169.32,1430715
2019-08-16,1180.79,1183.84,1173,1179.21,1265187
2019-08-19,1191.83,1209.39,1190.4,1200.44,1222854
2019-08-20,1195.35,1198,1183.05,1183.53,1010566
2019-08-21,1195.82,1200.56,1187.92,1191.58,708272
2019-08-22,1193.8,1198.78,1178.91,1191.52,867915
2019-08-23,1185.17,1195.67,1150,1153.58,1813141
2019-08-26,1159.45,1171.86,1154.85,1171.18,1058926
2019-08-27,1183,1185,1164.56,1170.82,1173489
2019-08-28,1164.87,1178.5,1160.25,1173.75,840829
2019-08-29,1186.42,1199.19,1185.28,1194.24,982098
2019-08-30,1200.35,1200.35,1185.72,1190.53,903375
2019-09-03,1181.85,1189.08,1163.72,1169.55,1296116
2019-09-04,1179.45,1184.88,1171.53,1182.27,1065666
2019-09-05,1193.66,1214,1192.69,1212.19,1320656
2019-09-06,1209.14,1212.95,1203.26,1206.32,948580
2019-09-09,1205.66,1220.55,1193.17,1205.27,1592958
2019-09-10,1196.09,1210,1196.01,1205.7,1396077
2019-09-11,1203.89,1222.47,1202.28,1220,1176066
2019-09-12,1223.47,1242.42,1222.56,1234.97,1582230
2019-09-13,1232.11,1241.05,1227.08,1240.03,1183762
2019-09-16,1230.44,1239.02,1225.19,1231.63,1410880
2019-09-17,1231.63,1235,1223.35,1229.88,1047201
2019-09-18,1230.24,1236.24,1216.47,1232.65,892788
2019-09-19,1232.32,1244.34,1232.31,1238.75,847002
2019-09-20,1233.64,1242.8,1223.58,1229.84,1937743
2019-09-23,1226.57,1239.68,1223.78,1234.69,1197069
2019-09-24,1240,1247.11,1210.64,1218.33,1835712
2019-09-25,1216.01,1248.02,1209.2,1245.94,1355162
2019-09-26,1242.14,1244.67,1231.82,1242.29,1171577
2019-09-27,1242.83,1244.99,1215.2,1225.95,1722481
2019-09-30,1220.6,1227.41,1213.42,1221.14,1294609
2019-10-01,1222.49,1232.86,1205.55,1206,1282735
2019-10-02,1196.5,1198.76,1172.63,1177.92,1674774
2019-10-03,1183.34,1191,1163.14,1189.43,1469413
2019-10-04,1194.29,1212.46,1190.97,1210.96,1228686
2019-10-07,1207.51,1218.91,1204.36,1208.25,879020
2019-10-08,1198.77,1206.87,1189.48,1190.13,1032426
2019-10-09,1201.33,1208.46,1198.12,1202.4,813216
2019-10-10,1198.6,1215.62,1197.86,1209.47,668244
2019-10-11,1224.03,1228.75,1213.64,1215.71,1126452
2019-10-14,1213.89,1225.88,1211.88,1217.77,683926
2019-10-15,1221.5,1247.13,1220.92,1242.24,1527216
2019-10-16,1241.81,1254.19,1238.53,1243,1151028
2019-10-17,1251.4,1263.75,1249.87,1252.8,1063981
2019-10-18,1254.69,1258.11,1240.14,1244.41,1582320
2019-10-21,1248.7,1253.51,1239.99,1244.28,1030085
2019-10-22,1244.48,1248.73,1239.85,1241.2,1281821
2019-10-23,1240.21,1258.04,1240.21,1257.63,1176281
2019-10-24,1259.11,1262.9,1252.35,1259.11,1140478
2019-10-25,1252,1268,1249.15,1264.3,1355248
2019-10-28,1275,1299.24,1272.31,1288.98,3271411
2019-10-29,1276,1280.8,1255.61,1260.66,2632715
2019-10-30,1255.15,1268.02,1250.65,1260.7,1460193
2019-10-31,1260,1266.52,1249.48,1258.8,1595154
2019-11-01,1265.8,1273,1259.71,1272.25,1440607
2019-11-04,1276.11,1292.5,1276.11,1289.61,1531622
2019-11-05,1291.2,1297.24,1289.38,1291.44,1257427
2019-11-06,1290.09,1292.99,1282.27,1291.01,1231265
2019-11-07,1294.28,1322.65,1293.75,1306.94,2257005
2019-11-08,1301.52,1317.11,1301.52,1309,1521892
2019-11-11,1304,1304.9,1295.87,1298.28,861860
2019-11-12,1298.57,1309.35,1294.24,1297.21,1444342
2019-11-13,1293.18,1302.52,1292.15,1296.18,936085
2019-11-14,1295,1315.72,1293.94,1309.15,1450039
2019-11-15,1315.05,1333.54,1311.89,1333.54,1964955
2019-11-18,1332.34,1333.92,1316.16,1319.84,1399374
2019-11-19,1326.63,1326.63,1311.77,1312.59,1093629
2019-11-20,1311.36,1313.21,1289.21,1301.86,1445870
2019-11-21,1299.25,1311.12,1290.75,1300.14,1277338
2019-11-22,1303,1306.9,1289.36,1293.67,1388912
2019-11-25,1296.26,1310.41,1295.61,1305.64,1179658
2019-11-26,1309.91,1314.01,1304.04,1313,1097089
2019-11-27,1315.42,1317.64,1309.47,1312.13,939563
2019-11-29,1306.6,1309.95,1303.23,1304.09,640069
2019-12-02,1302.56,1305.44,1280.38,1288.86,1328889
2019-12-03,1278.66,1297.23,1277.05,1294.74,1480026
2019-12-04,1306.1,1324.27,1303.05,1318.94,1776392
2019-12-05,1327,1327.98,1314.32,1326.96,1220631
2019-12-06,1332.75,1342.47,1331.23,1339.39,1648729
2019-12-09,1338.86,1357.55,1336.07,1342.99,1556889
2019-12-10,1339.94,1348,1334,1342.89,880430
2019-12-11,1348.3,1349.89,1341.1,1344.25,1024308
2019-12-12,1343.21,1354.58,1338.2,1348.49,1456466
2019-12-13,1347.9,1351.35,1341.66,1346.87,1658684
2019-12-16,1355,1363.53,1350.61,1360.7,1406457
2019-12-17,1362.41,1364.33,1350.77,1354.89,1648549
2019-12-18,1357,1359.43,1350.46,1351.91,1166733
2019-12-19,1351.91,1357.53,1348.75,1356.44,1521082
2019-12-20,1363.1,1364,1350.73,1351.22,2513849
2019-12-23,1358.73,1361.85,1348,1350.63,996967
2019-12-24,1350.21,1352.01,1344.17,1344.43,673410
2019-12-26,1346.55,1363.2,1345.51,1362.47,1183800
2019-12-27,1364,1367.07,1353,1354.64,1160873
2019-12-30,1356.81,1357,1337.84,1339.71,1000592
2019-12-31,1335.79,1340.66,1332.13,1339.39,976061
2020-01-02,1348.41,1368.68,1346.49,1368.68,1364265
2020-01-03,1348,1373.75,1347.32,1361.52,1170629
2020-01-06,1351.63,1398.32,1351,1397.81,2339343
2020-01-07,1400.46,1403.5,1391.56,1395.11,1726456
2020-01-08,1394.82,1411.85,1392.63,1405.04,1766274
2020-01-09,1421.93,1428.68,1410.21,1419.79,1661438
2020-01-10,1429.47,1434.94,1419.6,1428.96,1313178
2020-01-13,1435.25,1441.48,1425.37,1440.03,1537317
2020-01-14,1440,1442.63,1427.77,1430.59,1305636
2020-01-15,1433.02,1440.78,1431.66,1439.2,1077519
2020-01-16,1445.45,1450.7,1440,1450.16,1304040
2020-01-17,1462.54,1480.55,1456.55,1479.52,2621175
2020-01-21,1479,1489.88,1470.21,1482.25,2446601
2020-01-22,1489.73,1500.58,1482.66,1484.17,1422946
2020-01-23,1487.55,1493.5,1480.32,1484.69,1332562
2020-01-24,1492.82,1494.2,1463.18,1466.17,1489280
2020-01-27,1431.54,1436.58,1419.5,1431.73,1706566
2020-01-28,1441.74,1454.8,1430.36,1450.5,1486586
2020-01-29,1458.46,1464.14,1445.39,1456.7,1081964
2020-01-30,1438.1,1455.25,1435,1454.25,1355472
2020-01-31,1467.86,1469.67,1427.06,1432.78,2191075
2020-02-03,1461.65,1486.3,1456.61,1482.6,3608760
2020-02-04,1454.49,1467.34,1422.03,1445.41,4793967
2020-02-05,1463.61,1464.58,1429.68,1446.05,1818793
2020-02-06,1451.98,1481.56,1450.48,1475.97,1891079
2020-02-07,1467.39,1485.25,1465.41,1479.11,1418049
2020-02-10,1477.23,1508.88,1475.2,1508.66,1915072
2020-02-11,1513.27,1529.88,1505.45,1510.06,1742647
2020-02-12,1515.86,1520.3,1508.67,1518.63,1552136
2020-02-13,1510,1525.95,1504,1513.39,1145658
2020-02-14,1514.53,1520.05,1505.55,1518.73,1159857
2020-02-18,1514.34,1530.56,1511.01,1519.44,1284011
2020-02-19,1527.2,1530.74,1520.98,1524.87,1137338
2020-02-20,1519.01,1527.07,1504.26,1516.99,1298386
2020-02-21,1504.58,1510.95,1478.49,1483.46,2126843
2020-02-24,1423.05,1436.38,1406.79,1419.86,2478039
2020-02-25,1431,1436.85,1380.42,1386.32,2578966
2020-02-26,1393.36,1413.67,1376.55,1390.47,2490178
2020-02-27,1359.14,1369.4,1314.24,1314.95,3114476
2020-02-28,1271.91,1342.45,1268.21,1339.25,4010900
2020-03-02,1351.39,1387.47,1325.2,1386.32,2771463
2020-03-03,1397.68,1408.19,1329.24,1337.72,2830112
2020-03-04,1358.96,1382.78,1337,1381.6,2379856
2020-03-05,1345.55,1353.63,1301.64,1314.76,2718982
2020-03-06,1271.5,1302.75,1257.21,1295.74,3232315
2020-03-09,1204.96,1252.73,1198.04,1215.79,3462578
2020-03-10,1254.39,1275.85,1214.51,1275.17,2743566
2020-03-11,1248.27,1256.93,1191.14,1210.9,2741694
2020-03-12,1122.62,1188.75,1108.47,1111.55,4716293
2020-03-13,1174.99,1214.4,1112.29,1214.27,3969973
2020-03-16,1089.61,1145.47,1067.0801,1073,4825981
2020-03-17,1090.64,1126,1049.1,1118.06,4159686
2020-03-18,1059.94,1104.99,1037,1091.19,4652238
2020-03-19,1088.22,1152.61,1055.55,1111.67,3703248
2020-03-20,1130.9,1138.4783,1062.1,1068.21,4143897
2020-03-23,1056.37,1066.91,1008.87,1054.13,4183629
2020-03-24,1103.98,1133.33,1086.43,1130.01,3623435
2020-03-25,1124.58,1146.17,1083.01,1101.62,4516162
2020-03-26,1114.72,1171.48,1092.03,1162.92,3834422
2020-03-27,1127.47,1151.05,1104.0027,1110.26,3139661
2020-03-30,1132.64,1151,1098.4901,1146.31,2936827
2020-03-31,1148.73,1173.4,1136.72,1161.95,3263971
2020-04-01,1124,1129.42,1093.49,1102.1,2598519
2020-04-02,1100,1122.77,1093.13,1117.03,2820534
2020-04-03,1114.71,1118.79,1075.08,1092.7,2568694
2020-04-06,1133,1190.7547,1125,1183.19,3165991
2020-04-07,1217.01,1220.775,1177.25,1182.56,3080955
2020-04-08,1203.1,1214.9,1183.954,1207,2016713
2020-04-09,1218.18,1221.99,1192.4166,1206.57,2701423
2020-04-13,1201.5,1214.5199,1182.3318,1210.41,1935128
2020-04-14,1239.9735,1275.7499,1228.5413,1265.23,3167862
2020-04-15,1246.51,1275.1099,1234,1257.3,2111842
2020-04-16,1267.14,1273.3586,1238.2,1257.43,2894757
2020-04-17,1281.7,1290,1266,1279,2552824
2020-04-20,1269.89,1276.82,1256.44,1261.15,1764608
2020-04-21,1242.71,1250,1205,1212.16,2482404
2020-04-22,1241.11,1279.88,1237.2,1258.41,2315792
2020-04-23,1265.74,1288.15,1260.5301,1271.17,1710122
2020-04-24,1255,1277.71,1244,1276.6,1872004
2020-04-27,1292,1294.1,1265.06,1270.86,2209333
2020-04-28,1283.2,1284.76,1230.38,1232.59,4035007
2020-04-29,1345,1360.15,1326.73,1342.18,5417888
2020-04-30,1331.36,1350,1321.5,1346.7,2792124
2020-05-01,1324.09,1351.43,1309.66,1317.32,2443554
2020-05-04,1308.13,1324.47,1296.01,1322.9,1540347
2020-05-05,1337.5,1371.01,1335.03,1349.02,1983318
2020-05-06,1358,1368.69,1345.13,1345.43,1586629
2020-05-07,1361.31,1375.9999,1352.5406,1369.28,1535819
2020-05-08,1381.82,1396.64,1372.01,1384.34,1666487
2020-05-11,1376.79,1415.53,1375.5,1403.59,1635856
2020-05-12,1408.22,1414.33,1374.51,1375.18,1695874
2020-05-13,1376.16,1385.33,1328.01,1348.33,2018404
2020-05-14,1333.52,1357.37,1323.3,1356.86,1833017
2020-05-15,1348.26,1374.58,1339,1373.06,2077199
2020-05-18,1361.58,1392.76,1354.2,1385.18,2356449
2020-05-19,1385.48,1392.49,1373.76,1374.4,1579250
2020-05-20,1389.16,1412.026,1387.4193,1409.16,1913133
2020-05-21,1410.99,1416.46,1394.39,1406.75,1544976
2020-05-22,1403.9,1417,1395.95,1413.24,1427206
2020-05-26,1441.96,1445.11,1419.395,1421.37,2229488
2020-05-27,1420,1425.345,1394.6,1420.28,1584185
2020-05-28,1400,1444.46,1399.076,1418.24,1759787
2020-05-29,1420.43,1436.73,1415.98,1433.52,1852522
2020-06-01,1425.7,1441.58,1422.28,1434.87,1259254
2020-06-02,1435,1443,1421.61,1442.31,1172069
2020-06-03,1442.7,1449.01,1431.62,1439.25,1386640
2020-06-04,1436.78,1441.32,1406.01,1414.3,1349105
2020-06-05,1415.64,1446.3,1407.6213,1440.02,2132350
2020-06-08,1426.28,1449,1424.48,1448.04,1693881
2020-06-09,1445.24,1467.8,1442.36,1452.08,1681155
2020-06-10,1461.51,1472.77,1454.355,1464.7,1588116
2020-06-11,1441.03,1451.6033,1398.41,1401.9,2357243
2020-06-12,1425.86,1434.505,1385.8,1412.92,1833756
2020-06-15,1389.49,1425,1387.1952,1420.74,1527652
2020-06-16,1449,1457.17,1428.99,1446.47,1534826
2020-06-17,1452.94,1462.2,1435.125,1452.54,1530500
2020-06-18,1449.85,1452.9699,1426.235,1434.12,1743071
2020-06-19,1440,1444.5,1419,1424.64,2639167
2020-06-22,1425.01,1450.95,1419.19,1450.66,1472072
2020-06-23,1452,1475.2,1445,1463.98,1887583
2020-06-24,1463.28,1475.79,1430,1432.7,1579579
2020-06-25,1431.22,1442.32,1419.5401,1441.1,1197907
2020-06-26,1432.63,1437.02,1355,1362.54,4882014
2020-06-29,1360.34,1398,1351.65,1397.17,2253678
2020-06-30,1396.88,1424,1386.9301,1418.05,2014320
2020-07-01,1419.17,1448.48,1414.18,1442,2109124
2020-07-02,1451.84,1488.52,1451.065,1469.93,2860915
2020-07-06,1488.15,1510,1476.976,1499.65,2235630
2020-07-07,1496.13,1521.32,1489.7,1489.92,2118194
2020-07-08,1500.8,1511.17,1492.3,1503.6,1588292
2020-07-09,1509.93,1529.1412,1495.59,1518.66,2091833
2020-07-10,1513.25,1541.34,1500.72,1539.01,1796063
2020-07-13,1549.94,1576.36,1506.56,1512.23,2147728
2020-07-14,1492.79,1522.8,1485.925,1520.86,1905400
2020-07-15,1523.23,1536.33,1497.83,1516.88,1551325
2020-07-16,1501.5,1515.91,1488.27,1514.92,1324227
2020-07-17,1516.91,1523.43,1498.1,1516.85,1713231
2020-07-20,1515,1569.01,1502.6961,1563.84,1508277
2020-07-21,1585.03,1587.05,1552.62,1555.92,1377718
2020-07-22,1555.71,1566.98,1543.23,1564.85,1224100
2020-07-23,1565.93,1570.35,1508.59,1516.75,1695498
2020-07-24,1499.19,1515.4273,1487.59,1508.21,1495381
2020-07-27,1513.26,1537.56,1512.33,1529.43,1356185
2020-07-28,1525,1526.01,1500.52,1503.65,1545534
2020-07-29,1505,1533.33,1503.01,1523.51,1133773
2020-07-30,1497.97,1540.89,1495.17,1538.37,1802121
2020-07-31,1497.05,1505.02,1454,1487.95,4576382
2020-08-03,1491,1497.73,1471.72,1482.76,2276085
2020-08-04,1486.71,1493.11,1464.03,1473.3,1860609
2020-08-05,1476.82,1490,1471.215,1479.09,1457518
2020-08-06,1476.15,1506.27,1471.9,1504.95,1665261
2020-08-07,1509.04,1520.09,1486.27,1498.37,1386294
2020-08-10,1490.8,1507.15,1477.4901,1496.82,1027329
2020-08-11,1494,1510.44,1478.19,1480.54,1554853
2020-08-12,1487.1245,1511.67,1485,1507.24,1126560
2020-08-13,1508.21,1536.9744,1508.21,1516.65,1119711
2020-08-14,1513.61,1519.785,1499,1504.63,1097059
2020-08-17,1515.97,1523.78,1505,1516.24,999934
2020-08-18,1526.12,1557.37,1521.665,1555.78,1418850
2020-08-19,1552.49,1568.86,1540,1544.61,1523592
2020-08-20,1539.97,1580.17,1534.46,1576.25,1319131
2020-08-21,1571.8,1591.88,1562.31,1575.57,1742275
2020-08-24,1592.47,1608.78,1575.04,1585.15,1281893
2020-08-25,1580.1,1608.88,1577.88,1605.85,1257463
2020-08-26,1606.3,1652.79,1600.9754,1644.13,2609363
2020-08-27,1646.61,1647.99,1618.8137,1628.52,1567503
2020-08-28,1629.47,1641.35,1625.605,1639.43,1121195
2020-08-31,1643.57,1644.5,1625.33,1629.53,1321097
2020-09-01,1632.16,1659.22,1629.53,1655.08,1133766
2020-09-02,1668.01,1726.1022,1660.19,1717.39,2476072
2020-09-03,1699.52,1700,1607.71,1629.51,3186287
2020-09-04,1609,1634.99,1537.9701,1581.21,2792533
2020-09-08,1525,1555.55,1516.5,1523.6,2701586
2020-09-09,1548.9,1558.72,1525.17,1547.23,1962078
2020-09-10,1550.18,1573.66,1520,1526.05,1651194
2020-09-11,1528.15,1538.695,1493.02,1515.76,1535337
2020-09-14,1531.6471,1557,1505.11,1508.83,2133007
2020-09-15,1527.89,1550.99,1522.1,1535.12,1152055
2020-09-16,1542.48,1554.37,1511.59,1512.09,1107169
2020-09-17,1485.81,1498.66,1462.46,1487.04,2000356
2020-09-18,1488.3,1495.2,1431.62,1451.09,3152788
2020-09-21,1431.62,1440.06,1402.68,1430.14,2845405
2020-09-22,1450.32,1463.97,1429.495,1459.82,1697542
2020-09-23,1452.09,1453.08,1402.68,1409.39,1886299
2020-09-24,1402.68,1437.99,1402.15,1422.86,1727611
2020-09-25,1425.05,1445.94,1407.68,1439.06,1516677
2020-09-28,1471.99,1472.99,1446.28,1458.66,1539236
2020-09-29,1463.91,1472,1454,1466.02,1591112
2020-09-30,1460.935,1486.1975,1455.755,1465.6,2046170
2020-10-01,1483.6608,1495.07,1476.8,1487.9,1644221
2020-10-02,1459.63,1479.03,1447.35,1455.6,1561132
2020-10-05,1462.65,1484.7,1460.09,1482.83,1080058
2020-10-06,1475.5,1484.52,1445.01,1451.02,1304752
2020-10-07,1459.31,1468.97,1433.23,1459.14,1805448
2020-10-08,1465.45,1488.0275,1465.45,1483.43,1303802
2020-10-09,1492.86,1511.85,1487,1510.45,1648340
2020-10-12,1538,1588.42,1529.3,1564.59,2767164
2020-10-13,1577.01,1585.16,1558.63,1567.07,1953609
2020-10-14,1573.31,1583.85,1545.895,1563.44,1659228
2020-10-15,1544.5,1571.395,1541.1301,1555.47,1561485
2020-10-16,1561.83,1577.71,1557.66,1567.7,1710325
2020-10-19,1575.93,1583.925,1522.92,1529.95,1486652
2020-10-20,1523.11,1573.84,1520.5,1551.08,2085915
2020-10-21,1569.85,1615.14,1567.135,1585.99,3016053
2020-10-22,1585,1613.42,1577.48,1606.66,1525773
2020-10-23,1615.05,1634.12,1611.91,1632.98,1527402
2020-10-26,1615,1629.58,1567.78,1584.29,1791317
2020-10-27,1588.9319,1602,1576.99,1598.88,1295138
2020-10-28,1550.01,1553.81,1508.48,1510.8,2258675
2020-10-29,1517.02,1588.735,1516.55,1556.88,2770343
2020-10-30,1667.44,1681.315,1601.57,1616.11,4996197
2020-11-02,1623.54,1658.24,1614.24,1624.32,2211449
2020-11-03,1630.76,1659,1612.108,1645.66,1571641
2020-11-04,1705.5803,1770.03,1703,1745.85,3567149
2020-11-05,1770.45,1791.818,1741.03,1762.5,1987907
2020-11-06,1751.34,1768.495,1736.68,1759.73,1431084
2020-11-09,1795.98,1816.89,1757.545,1761.42,2672024
2020-11-10,1729.77,1759.38,1716.12,1737.72,2151058
2020-11-11,1748.4,1762.9,1743.06,1747.23,1591906
2020-11-12,1742,1764.98,1737.97,1742.82,1324363
2020-11-13,1748,1777.13,1735.98,1772.26,1487877
2020-11-16,1764.14,1794.34,1761.33,1774.03,1273393
2020-11-17,1767.86,1777.14,1759.49,1761.66,1066034
2020-11-18,1756.64,1765,1738.5658,1740.64,1005377
2020-11-19,1733.23,1763.49,1730.02,1758.57,1005340
2020-11-20,1762,1768.3625,1735,1736.38,1385322
2020-11-23,1740.22,1745.99,1710.18,1727.56,1127618
2020-11-24,1727.5,1766.475,1720.73,1763.9,1400306
2020-11-25,1767.81,1770.38,1748.36,1764.13,979957
2020-11-27,1764.54,1797.01,1764.54,1787.02,739507
2020-11-30,1775.65,1780.335,1747.84,1754.4,1620887
2020-12-01,1766.655,1821.7199,1763.03,1795.36,1868134
2020-12-02,1795.36,1832.74,1785.1695,1824.97,1471235
2020-12-03,1820.54,1843.83,1817,1821.84,1236366
2020-12-04,1820.22,1829.4994,1813.59,1823.76,1027242
2020-12-07,1815.55,1829.29,1803.04,1817.03,1113877
2020-12-08,1808.52,1815.97,1791.28,1811.33,996317
2020-12-09,1810.36,1828.37,1762.0001,1777.86,1585578
2020-12-10,1762.6,1774.99,1733.527,1767.65,1434411
2020-12-11,1760,1777.31,1752.74,1774.8,931431
2020-12-14,1770.72,1789.8,1749.13,1752.26,1652471
2020-12-15,1759.86,1764,1741.67,1761.08,1068292
2020-12-16,1769.11,1769.11,1749.06,1757.19,1233836
2020-12-17,1763.93,1766.71,1731.15,1740.51,1744005
2020-12-18,1746.1702,1748.36,1715,1726.22,4262837
2020-12-21,1709.13,1737,1694,1734.56,1698707
2020-12-22,1729.33,1732.6123,1705.78,1720.22,1018829
2020-12-23,1723.93,1744.11,1721.2,1728.23,1148684
2020-12-24,1729,1742.41,1724.35,1734.16,465638
2020-12-28,1744.91,1787,1741.82,1773.96,1382537
2020-12-29,1787.23,1788.47,1755.11,1757.76,986287
2020-12-30,1765,1767.76,1728,1736.25,1051308
2020-12-31,1737.27,1757.5,1736.09,1752.64,1053479
2021-01-04,1760,1762.4899,1707.14,1726.13,1866195
2021-01-05,1725.09,1746.83,1716.9,1740.05,1017962
2021-01-06,1700.255,1743.965,1696.1014,1722.88,2329401
2021-01-07,1726.76,1777.82,1726.76,1774.34,2096829
2021-01-08,1777.16,1799.355,1761.22,1797.83,1774226
2021-01-11,1777.02,1784.38,1752.14,1756.29,1740618
2021-01-12,1745.36,1767.9,1716.375,1737.43,1476715
2021-01-13,1727.32,1756.39,1727.32,1747.25,1171590
2021-01-14,1748.87,1767.5499,1726.07,1730.92,1460617
2021-01-15,1729.02,1747.62,1711.71,1727.62,1572214
2021-01-19,1743,1803.84,1732.83,1784.47,2082951
2021-01-20,1826.37,1899.7234,1819.51,1880.07,3207570
2021-01-21,1893.65,1932.08,1879.41,1884.15,2932973
2021-01-22,1891.46,1904.39,1876.495,1892.56,1637195
2021-01-25,1912.74,1921.82,1859.16,1894.28,2529346
2021-01-26,1885.99,1915.75,1876.13,1907.95,1573078
2021-01-27,1874.91,1880.47,1797.28,1818.94,4125631
2021-01-28,1831,1887.99,1831,1853.2,2763905
2021-01-29,1834.02,1847.535,1801.5601,1827.36,2226509
2021-02-01,1844.585,1915.54,1844.585,1893.07,2012603
2021-02-02,1913.13,1949.37,1906.37,1919.12,3316620
2021-02-03,2065.61,2106.6234,2013.55,2058.88,4894082
2021-02-04,2060.6156,2069.3,2035.1,2053.63,2429780
2021-02-05,2059.56,2095.94,2050,2088.83,1493256
2021-02-08,2100,2115,2063.35,2084.52,1441443
2021-02-09,2074.8,2098.51,2070,2075.39,1094583
2021-02-10,2083.14,2098.88,2052.24,2086.48,1255080
2021-02-11,2091,2094,2068.86,2088.75,1024029
2021-02-12,2079.77,2099.5,2073.57,2095.03,949525
2021-02-16,2091.75,2145.14,2091.75,2110.7,1550195
2021-02-17,2093.98,2122.4434,2088.35,2118.62,1015177
2021-02-18,2105,2121.99,2093.33,2105.81,1128549
2021-02-19,2107.79,2118.58,2083.43,2088.81,1896939
2021-02-22,2053.6,2080.33,2048,2054.26,1473317
2021-02-23,2013.99,2072.5,1990.23,2060.12,1732899
2021-02-24,2030.04,2088.32,2027.53,2083.81,1130437
2021-02-25,2055.93,2083,2006.49,2015.95,2077409
2021-02-26,2029.95,2056.52,2001.01,2021.91,2002064
2021-03-01,2048,2076.23,2034.42,2069.66,1303089
2021-03-02,2064.84,2094.74,2056.67,2064.48,1278184
2021-03-03,2051.95,2075.99,1994,2011.41,1694645
2021-03-04,2014.869,2074.59,2005.43,2033.93,2460786
2021-03-05,2061.15,2106.2,2027.7773,2097.07,2654977
2021-03-08,2084.06,2113.74,2005.19,2007.5,1843371
2021-03-09,2049.75,2063.9153,2035.6,2040.36,1696031
2021-03-10,2061.4,2061.4,2019.33,2036.19,1355004
2021-03-11,2058.22,2111.27,2056.45,2100.54,1385130
2021-03-12,2076.41,2077.61,2032.42,2050,1690899
2021-03-15,2044.975,2054.99,2027.79,2054.44,1310741
2021-03-16,2065.99,2113.68,2059.29,2083.89,1595015
2021-03-17,2068.47,2099,2044.1218,2082.22,1319126
2021-03-18,2048.18,2068.746,2019.18,2021.34,1585648
2021-03-19,2029.73,2037.04,2002.93,2026.96,2303596
2021-03-22,2027.63,2048.34,2014,2030.69,1676771
2021-03-23,2039.95,2064.11,2028.0001,2041.33,1425456
2021-03-24,2051.76,2067.6,2029.0001,2032.53,1260853
2021-03-25,2029.05,2045.64,1996.09,2032.46,1780787
2021-03-26,2031.79,2039.385,2003.85,2024.73,1398875
